,gender,age,household_income,degree,school_degree,parking_strategy,survey_income_interval,income_group
0,2,27,3379,3,5,7,6,1
1,1,48,15491,5,2,7,7,2
2,1,10,21465,11,4,7,3,2
3,2,68,8143,5,0,3,4,2
4,1,17,16846,4,1,5,6,2
5,1,3,3697,8,2,3,4,1
6,1,94,26595,7,4,7,6,2
7,1,87,15746,3,5,4,4,2
8,1,29,4267,6,6,7,1,1
9,1,30,12553,5,2,4,2,2
10,1,75,23587,10,1,5,6,2
11,2,66,9188,9,3,7,4,2
12,2,93,1168,12,0,7,1,0
13,1,60,788,12,2,4,3,0
14,2,7,15471,2,2,5,4,2
15,2,51,7219,1,3,4,1,2
16,2,73,13328,0,6,5,2,2
17,2,87,26295,11,0,4,6,2
18,2,64,19442,4,5,4,1,2
19,1,17,7815,12,2,3,1,2
20,2,40,5607,8,2,7,2,1
21,1,21,17497,7,4,4,4,2
22,1,94,24097,4,5,5,4,2
23,2,26,6338,12,6,4,5,2
24,2,15,3865,0,5,5,2,1
25,1,17,17487,12,0,4,6,2
26,1,10,19824,11,4,3,1,2
27,1,17,1693,1,4,3,4,0
28,1,3,21286,3,1,3,2,2
29,2,73,1966,10,2,7,6,0
30,1,29,13399,6,1,4,5,2
31,2,67,26422,6,1,5,6,2
32,1,71,10561,1,0,3,6,2
33,2,80,6938,7,2,5,2,2
34,1,98,8103,1,5,7,6,2
35,1,4,13637,1,2,5,7,2
36,2,61,8218,9,3,3,4,2
37,1,90,18961,11,5,3,2,2
38,1,100,18401,0,2,7,7,2
39,2,6,4445,5,4,4,4,1
40,2,32,8616,7,1,5,4,2
41,1,81,24296,4,6,7,5,2
42,2,37,16107,4,3,4,7,2
43,1,27,23102,4,0,4,2,2
44,1,51,15840,8,5,7,7,2
45,1,78,21218,10,0,7,3,2
46,1,59,20341,7,3,4,5,2
47,1,86,12210,5,6,4,1,2
48,2,95,4600,6,2,7,4,1
49,1,8,2258,4,1,7,4,1
50,2,56,4842,9,1,4,3,1
51,1,29,18842,9,4,3,4,2
52,1,28,3443,5,2,4,7,1
53,1,95,9264,12,2,5,1,2
54,1,34,3974,6,5,5,2,1
55,2,58,4268,0,4,7,2,1
56,1,81,8038,0,3,3,3,2
57,2,92,9536,1,6,7,3,2
58,2,16,21000,1,2,3,4,2
59,1,72,10037,11,6,4,4,2
60,1,59,7148,10,2,3,3,2
61,2,7,24539,3,4,4,1,2
62,1,12,2200,0,0,7,7,0
63,2,32,2003,0,4,7,4,0
64,1,84,14372,6,3,7,4,2
65,2,75,2542,2,1,7,3,1
66,2,93,13437,3,6,4,2,2
67,2,40,25746,11,2,3,5,2
68,2,0,2731,2,0,5,1,1
69,2,84,11794,4,0,5,7,2
70,1,92,16589,11,2,7,4,2
71,1,77,14585,0,4,7,1,2
72,2,37,14064,12,2,5,2,2
73,2,47,13635,5,6,4,2,2
74,2,61,471,3,1,4,4,0
75,1,50,3114,1,6,3,5,1
76,1,68,21508,4,1,3,4,2
77,2,76,3249,9,1,7,6,1
78,1,57,3669,4,5,7,2,1
79,2,4,7365,12,3,5,1,2
80,2,36,9902,1,6,3,2,2
81,1,80,17515,9,1,7,3,2
82,2,82,3137,2,6,5,4,1
83,1,37,23358,9,4,4,1,2
84,1,94,21342,11,3,3,2,2
85,1,35,21290,6,3,7,6,2
86,1,48,11011,4,4,3,4,2
87,1,0,3176,10,4,3,3,1
88,1,49,21113,5,6,5,6,2
89,2,57,26024,9,0,7,6,2
90,1,9,4812,10,5,3,2,1
91,1,50,6380,6,6,3,3,2
92,2,97,26963,6,6,7,2,2
93,2,48,1990,2,1,3,2,0
94,1,12,1955,6,0,5,5,0
95,2,70,12363,12,6,3,5,2
96,2,36,9602,7,3,7,3,2
97,1,99,13941,12,2,5,4,2
98,1,36,23493,10,5,3,7,2
99,2,30,9556,9,4,7,4,2
100,1,19,14854,9,3,7,6,2
101,2,38,4161,10,4,7,7,1
102,2,44,3823,8,1,3,6,1
103,1,35,17072,7,0,5,6,2
104,2,14,4123,2,6,3,2,1
105,2,29,6012,6,1,7,2,2
106,2,51,21823,1,4,4,3,2
107,1,60,20999,5,6,5,1,2
108,1,81,9866,2,2,4,5,2
109,2,67,15434,9,2,4,5,2
110,1,29,20493,4,0,5,5,2
111,2,27,19760,7,6,5,5,2
112,2,3,17570,7,1,3,7,2
113,2,33,8960,10,4,4,5,2
114,2,51,10567,1,5,3,3,2
115,2,27,22670,9,1,3,4,2
116,1,100,7705,6,3,3,6,2
117,2,56,26907,5,3,5,4,2
118,1,21,26795,12,3,4,7,2
119,2,39,27068,3,4,7,3,2
120,1,74,4637,8,3,5,6,1
121,1,29,11158,5,0,5,7,2
122,1,29,15026,11,3,4,1,2
123,1,61,1864,4,6,4,3,0
124,1,58,5665,4,6,4,6,1
125,2,24,20634,8,6,4,2,2
126,1,16,25482,11,4,4,5,2
127,1,64,793,11,3,7,2,0
128,1,100,6770,4,1,3,6,2
129,1,98,25289,0,3,3,7,2
130,2,13,16926,4,0,5,7,2
131,1,1,22013,3,6,3,1,2
132,1,2,14001,6,2,3,6,2
133,2,66,9196,1,3,3,3,2
134,2,19,7337,1,6,7,3,2
135,1,76,3864,7,3,7,5,1
136,2,30,6481,9,2,3,2,2
137,2,39,10166,5,4,4,7,2
138,2,85,23109,0,0,3,5,2
139,2,77,12112,7,5,4,5,2
140,1,49,18118,0,0,5,3,2
141,1,26,8805,6,0,4,1,2
142,2,12,15567,8,5,7,5,2
143,2,64,11248,5,3,5,4,2
144,1,1,19599,2,1,7,5,2
145,2,36,10891,3,3,7,2,2
146,1,10,11857,7,2,7,2,2
147,1,32,24882,12,0,3,5,2
148,1,28,22309,7,3,7,1,2
149,1,58,2949,12,5,7,7,1
150,2,66,5048,1,3,7,6,1
151,2,92,2975,11,3,3,5,1
152,2,65,17220,0,6,3,5,2
153,1,77,13510,6,3,7,2,2
154,2,83,26169,3,0,7,2,2
155,1,47,19832,7,6,5,6,2
156,1,81,840,0,4,7,7,0
157,1,36,18295,1,1,4,1,2
158,2,71,16297,9,3,3,1,2
159,1,53,19617,8,0,5,1,2
160,2,70,1844,6,6,4,7,0
161,2,9,1938,11,2,7,1,0
162,1,15,25235,1,2,5,4,2
163,2,18,26224,8,6,5,3,2
164,1,29,8707,9,0,3,7,2
165,1,53,590,8,2,4,7,0
166,2,60,657,7,2,5,2,0
167,2,42,7942,9,3,3,4,2
168,1,82,21338,1,5,4,6,2
169,2,2,25318,7,5,3,1,2
170,1,29,3036,10,3,3,7,1
171,2,17,5787,3,3,5,2,1
172,1,35,13918,0,5,3,7,2
173,2,19,7696,9,3,5,5,2
174,1,16,27043,7,3,7,3,2
175,2,23,3318,10,5,7,6,1
176,1,12,24996,11,6,7,5,2
177,2,99,5727,7,4,7,3,1
178,2,56,4132,3,3,4,6,1
179,2,66,9763,8,5,5,1,2
180,1,20,4758,1,2,5,3,1
181,2,3,18291,12,3,7,2,2
182,1,81,27160,0,3,3,6,2
183,2,44,10109,3,6,5,2,2
184,1,38,4839,9,4,7,7,1
185,2,42,24466,0,3,3,6,2
186,2,74,2480,10,0,7,1,1
187,2,37,14434,8,4,5,4,2
188,2,40,8256,0,0,7,1,2
189,2,27,20261,6,5,3,1,2
190,1,4,2428,9,5,4,2,1
191,2,51,10720,7,2,7,5,2
192,2,22,12992,4,1,7,4,2
193,1,37,10317,9,6,4,1,2
194,2,35,26833,9,5,3,3,2
195,2,30,18010,6,2,7,1,2
196,2,7,20203,4,3,7,3,2
197,1,88,7177,6,3,3,4,2
198,2,88,22452,2,0,7,6,2
199,2,15,2178,8,5,3,5,0
200,1,10,1365,1,1,4,1,0
201,2,19,14039,6,2,3,7,2
202,1,77,19174,6,6,7,5,2
203,2,56,8195,0,2,3,5,2
204,2,18,11546,5,0,7,6,2
205,1,71,6357,10,1,5,1,2
206,1,60,19704,2,4,4,3,2
207,2,24,17270,1,6,4,6,2
208,2,32,21759,4,6,3,6,2
209,2,39,23009,11,3,4,7,2
210,1,100,13055,6,6,7,3,2
211,1,16,6945,6,6,4,2,2
212,2,52,15018,3,0,4,2,2
213,2,90,8913,0,3,7,1,2
214,2,80,2410,3,6,5,3,1
215,2,46,1264,9,1,3,7,0
216,2,96,10568,12,6,4,5,2
217,1,94,18884,0,5,4,2,2
218,2,84,1639,2,0,4,3,0
219,1,23,15185,5,6,4,4,2
220,2,15,9099,7,6,7,4,2
221,2,44,18064,6,4,4,4,2
222,2,83,7067,12,4,7,5,2
223,1,55,4926,0,2,3,4,1
224,1,98,2695,10,1,7,2,1
225,1,27,12592,11,4,3,7,2
226,2,45,1368,5,2,5,3,0
227,2,98,18856,9,1,4,7,2
228,1,81,14578,1,2,4,3,2
229,1,87,15968,6,4,4,2,2
230,1,27,16056,2,4,5,7,2
231,1,77,6955,3,0,4,7,2
232,2,48,24607,1,3,3,6,2
233,2,87,5871,9,1,7,1,1
234,2,94,27181,7,2,4,5,2
235,1,5,6026,6,6,5,7,2
236,1,97,12407,0,4,4,5,2
237,2,98,11931,0,1,5,5,2
238,1,28,5857,10,6,4,2,1
239,2,65,15033,9,4,5,2,2
240,2,68,19532,10,5,4,1,2
241,1,85,23455,0,6,4,6,2
242,2,72,7124,10,0,3,7,2
243,1,33,20373,6,4,5,7,2
244,1,99,13758,5,4,3,2,2
245,1,48,17618,7,2,4,1,2
246,1,99,4092,11,6,5,4,1
247,2,89,1599,11,1,3,1,0
248,2,69,19277,2,3,4,5,2
249,2,65,1859,1,2,3,6,0
250,1,99,2106,5,4,7,5,0
251,1,71,17760,0,1,5,7,2
252,1,1,7858,8,5,5,4,2
253,2,1,24398,11,2,4,7,2
254,1,71,14302,12,6,3,3,2
255,1,25,13892,10,1,3,4,2
256,1,100,12271,0,0,3,6,2
257,1,77,22098,3,1,7,6,2
258,2,50,1328,9,1,5,5,0
259,2,27,4399,2,3,7,5,1
260,1,96,14382,2,3,3,4,2
261,1,43,11133,10,2,5,7,2
262,2,19,5154,7,2,4,4,1
263,2,98,12729,11,5,7,3,2
264,2,45,11821,5,0,3,1,2
265,1,100,11934,3,4,7,4,2
266,1,80,20501,1,3,3,1,2
267,2,43,20802,9,2,3,4,2
268,1,67,12728,7,3,3,2,2
269,1,8,18954,11,3,5,1,2
270,1,83,20471,1,3,7,3,2
271,1,46,14408,10,2,3,7,2
272,1,64,25196,1,0,3,3,2
273,2,20,1198,11,2,4,4,0
274,2,96,13024,6,5,7,5,2
275,2,98,19337,7,1,7,6,2
276,1,5,14884,7,6,4,7,2
277,2,85,18738,9,0,3,2,2
278,1,24,4689,2,6,7,7,1
279,2,2,25651,3,1,7,2,2
280,1,71,6111,2,4,4,3,2
281,1,75,15690,8,5,4,5,2
282,2,28,19045,4,5,7,4,2
283,2,95,11085,9,3,4,5,2
284,2,65,1346,0,1,7,3,0
285,1,80,18136,0,3,3,7,2
286,2,82,3520,10,6,3,4,1
287,2,14,23955,4,6,5,3,2
288,1,21,368,7,1,5,6,0
289,1,69,3727,1,0,3,6,1
290,1,33,16691,6,6,7,6,2
291,1,2,12600,3,2,7,2,2
292,2,27,4889,6,5,7,1,1
293,1,19,23180,6,3,4,7,2
294,2,15,9062,2,5,7,7,2
295,2,71,21443,2,1,3,5,2
296,2,29,9112,6,1,4,2,2
297,2,35,1471,0,6,3,2,0
298,1,97,12597,5,4,4,5,2
299,1,48,428,9,2,7,6,0
300,1,49,674,6,4,5,3,0
301,2,80,10270,6,1,3,6,2
302,1,56,13988,3,5,7,2,2
303,2,63,25246,2,2,5,4,2
304,2,88,19176,1,3,4,4,2
305,1,58,8210,1,4,5,6,2
306,1,5,11848,6,4,7,3,2
307,1,51,13354,0,5,5,5,2
308,1,61,9749,1,1,5,6,2
309,1,83,22056,6,6,7,3,2
310,1,17,17470,11,2,5,3,2
311,2,45,3008,0,5,7,4,1
312,2,96,4596,11,1,3,5,1
313,1,62,1309,7,2,7,3,0
314,1,22,2025,6,2,5,6,0
315,1,97,9804,4,3,5,1,2
316,1,9,4313,7,1,5,1,1
317,1,5,6766,10,6,5,3,2
318,1,76,5942,11,1,5,2,2
319,1,61,25579,8,1,3,6,2
320,1,42,3939,4,0,7,2,1
321,1,16,6774,1,5,3,3,2
322,1,59,14958,3,6,5,4,2
323,2,17,20736,8,6,7,5,2
324,2,68,26605,11,4,3,3,2
325,2,60,9251,3,4,5,2,2
326,2,25,15262,3,3,5,3,2
327,1,14,26053,4,3,5,2,2
328,1,61,12709,7,6,5,4,2
329,1,53,15961,9,2,4,3,2
330,2,81,14242,2,2,4,7,2
331,1,29,4761,7,1,5,7,1
332,1,70,11516,3,4,4,6,2
333,1,28,16718,7,3,4,3,2
334,1,74,18067,0,6,7,6,2
335,1,5,14454,11,0,4,2,2
336,1,100,13372,5,1,7,3,2
337,1,100,22574,2,5,5,4,2
338,2,84,25007,5,1,3,5,2
339,2,55,16995,9,4,5,5,2
340,2,50,798,7,2,5,6,0
341,2,86,775,0,1,4,7,0
342,1,53,7950,11,4,5,1,2
343,1,10,13422,0,5,7,1,2
344,2,43,23194,5,1,4,2,2
345,1,59,10447,12,5,4,3,2
346,2,30,22373,11,4,7,5,2
347,2,59,3277,4,4,4,6,1
348,1,14,19648,10,4,3,3,2
349,2,48,5717,3,2,4,4,1
350,1,56,9731,1,6,7,6,2
351,2,65,26627,8,4,5,7,2
352,1,7,23946,11,3,3,3,2
353,2,69,20805,4,1,4,3,2
354,2,15,26394,11,2,7,2,2
355,2,52,18647,3,0,4,2,2
356,2,32,871,11,0,7,5,0
357,1,87,3342,11,6,4,5,1
358,1,78,17963,1,5,5,2,2
359,1,34,8287,3,5,3,1,2
360,2,29,11386,1,3,7,6,2
361,1,51,7343,5,1,5,1,2
362,2,89,2812,3,2,7,7,1
363,1,53,18015,12,3,4,1,2
364,2,4,15704,1,0,4,5,2
365,2,64,8501,12,2,3,3,2
366,2,26,10484,4,1,4,1,2
367,2,84,6607,5,0,4,6,2
368,1,5,18377,4,2,7,6,2
369,1,88,12846,8,5,7,7,2
370,1,17,27234,5,3,4,5,2
371,2,68,26631,9,0,5,5,2
372,1,56,3738,9,5,4,1,1
373,2,32,7004,5,1,3,2,2
374,2,81,5041,10,3,5,7,1
375,1,72,3198,8,2,7,3,1
376,1,73,10974,10,3,7,6,2
377,1,100,9162,7,6,4,7,2
378,2,31,1281,3,6,4,4,0
379,1,94,25996,6,1,3,7,2
380,1,73,2162,4,1,4,6,0
381,2,48,23222,9,3,3,3,2
382,1,99,15169,8,2,7,2,2
383,2,32,19398,5,6,4,4,2
384,1,14,11886,1,1,3,4,2
385,1,61,15169,2,3,4,1,2
386,2,87,667,3,2,5,4,0
387,2,32,23526,1,1,7,2,2
388,1,56,22270,9,4,4,6,2
389,1,28,4810,4,0,5,1,1
390,2,43,2872,8,6,5,1,1
391,1,97,17786,7,1,3,7,2
392,1,50,11839,5,2,4,1,2
393,1,46,6675,10,2,3,1,2
394,1,72,4676,3,5,7,5,1
395,1,37,21555,5,3,5,1,2
396,1,2,20962,1,3,7,6,2
397,2,17,5125,11,6,5,6,1
398,2,15,11547,6,6,5,1,2
399,1,67,6849,4,2,7,6,2
400,2,85,11670,9,3,3,5,2
401,1,93,24118,8,2,3,2,2
402,2,22,21907,2,2,5,1,2
403,2,82,27255,3,1,3,6,2
404,1,7,15936,10,0,4,5,2
405,1,55,21810,8,6,3,4,2
406,1,49,24053,9,6,4,7,2
407,1,26,22538,4,3,5,2,2
408,1,4,22408,5,3,3,6,2
409,2,89,11867,5,1,4,5,2
410,1,26,4961,11,3,3,2,1
411,1,60,15418,12,4,7,4,2
412,1,83,4487,0,2,7,3,1
413,2,78,26577,11,1,3,7,2
414,2,18,4508,1,2,3,1,1
415,1,96,3838,10,5,3,2,1
416,1,91,20756,5,1,4,3,2
417,2,36,12118,9,4,4,7,2
418,1,20,15398,0,5,4,6,2
419,1,3,10873,8,1,7,1,2
420,1,18,20352,9,3,3,2,2
421,2,77,2803,11,5,5,5,1
422,2,51,24955,7,0,4,7,2
423,2,49,4493,3,6,3,2,1
424,1,31,10903,6,0,4,6,2
425,2,97,22076,4,3,3,4,2
426,2,18,19743,11,1,7,6,2
427,2,12,10632,2,3,3,1,2
428,2,91,10636,6,3,5,3,2
429,2,98,24454,1,3,7,1,2
430,2,71,6362,4,6,4,7,2
431,1,94,7509,11,3,7,5,2
432,1,45,23798,2,6,5,3,2
433,1,80,8143,7,1,7,4,2
434,2,65,23293,6,4,7,6,2
435,2,88,22799,4,6,3,7,2
436,1,16,11194,4,3,5,2,2
437,1,45,15081,11,6,3,4,2
438,1,91,18426,4,0,4,5,2
439,2,37,2187,10,5,7,3,0
440,1,50,25883,9,1,7,7,2
441,2,24,9064,5,3,5,4,2
442,1,48,7982,8,0,4,5,2
443,2,76,15179,4,0,5,6,2
444,1,4,12251,11,5,3,5,2
445,1,51,22878,5,5,3,3,2
446,1,46,23166,0,6,4,4,2
447,2,40,21246,2,5,4,5,2
448,1,14,23037,5,3,7,7,2
449,2,10,18153,12,2,3,3,2
450,2,27,13370,11,5,4,7,2
451,1,78,9283,7,0,4,5,2
452,2,13,17281,6,0,7,5,2
453,1,4,14442,6,0,7,3,2
454,2,86,21156,8,5,4,3,2
455,2,15,6299,11,6,3,6,2
456,1,29,25084,12,3,4,5,2
457,2,78,10435,3,2,3,1,2
458,2,42,2736,8,4,4,1,1
459,2,25,21835,12,1,3,2,2
460,2,75,22364,2,4,5,5,2
461,2,95,3861,6,4,7,7,1
462,2,91,18281,11,3,4,1,2
463,2,22,20582,3,3,4,6,2
464,2,43,11935,10,5,7,7,2
465,2,84,9534,10,1,3,5,2
466,1,55,21886,5,6,4,7,2
467,2,2,16151,12,3,4,4,2
468,1,25,7722,3,3,4,3,2
469,1,0,5727,4,5,3,7,1
470,2,95,17702,9,1,4,7,2
471,1,56,7448,11,0,5,5,2
472,1,70,22761,0,2,4,1,2
473,1,82,14335,3,6,4,6,2
474,2,86,21511,0,1,7,1,2
475,2,62,1723,8,1,3,7,0
476,1,46,7758,4,5,5,4,2
477,1,89,20986,6,2,7,5,2
478,1,77,6604,4,0,3,6,2
479,1,12,2512,0,4,3,7,1
480,2,62,24742,8,3,4,2,2
481,1,37,21680,10,4,7,3,2
482,2,83,27264,8,0,3,3,2
483,1,31,5586,11,4,5,2,1
484,2,28,22721,9,4,4,3,2
485,2,59,25714,11,5,4,5,2
486,2,83,22021,4,6,4,3,2
487,2,40,14872,5,2,4,6,2
488,1,89,575,4,1,5,5,0
489,1,29,9773,11,0,4,4,2
490,1,28,8603,7,4,3,4,2
491,1,52,14560,10,6,7,3,2
492,1,42,11780,0,5,3,1,2
493,2,10,26085,7,6,4,2,2
494,1,84,10921,2,2,7,2,2
495,2,17,17776,8,5,4,5,2
496,1,0,9132,12,1,4,2,2
497,2,39,13778,4,3,5,3,2
498,1,38,5212,0,3,5,2,1
499,2,98,3304,5,1,3,3,1
500,1,65,27179,2,2,5,1,2
501,1,48,19794,11,0,7,4,2
502,2,86,17635,7,5,7,1,2
503,2,45,14064,2,3,7,4,2
504,2,49,16622,8,0,4,5,2
505,1,22,18932,5,2,4,2,2
506,1,92,2657,5,2,4,3,1
507,1,65,9578,2,4,4,5,2
508,2,85,3462,1,2,5,6,1
509,2,66,10131,4,5,4,6,2
510,1,32,23253,0,3,7,1,2
511,2,50,22267,6,3,3,7,2
512,2,70,23421,1,4,3,4,2
513,1,35,9225,12,1,3,5,2
514,2,100,23141,6,3,7,3,2
515,2,23,5000,5,2,3,7,1
516,2,82,23578,5,4,4,6,2
517,1,89,4999,2,6,5,2,1
518,2,79,16331,9,1,3,3,2
519,1,27,3662,5,5,5,7,1
520,2,85,24026,4,1,3,7,2
521,1,1,25301,8,3,5,6,2
522,2,9,10562,4,3,5,2,2
523,1,81,7233,4,4,4,2,2
524,1,11,15271,9,0,5,1,2
525,2,64,14989,2,3,5,3,2
526,2,67,850,6,1,3,3,0
527,1,61,20624,4,2,4,7,2
528,2,54,3134,7,4,7,1,1
529,1,36,369,4,6,4,1,0
530,2,84,19583,9,6,7,4,2
531,1,19,24666,0,2,3,4,2
532,2,69,995,8,2,3,4,0
533,2,84,15387,9,0,4,7,2
534,2,62,13621,4,6,5,4,2
535,2,68,22826,0,4,3,6,2
536,1,41,24149,3,1,5,7,2
537,1,80,5571,4,4,5,1,1
538,2,16,27106,9,2,7,4,2
539,1,57,5286,12,0,7,2,1
540,2,5,12573,0,5,4,5,2
541,1,96,20543,5,4,3,3,2
542,1,22,3692,3,3,7,7,1
543,2,3,16710,3,6,4,2,2
544,1,8,10951,12,4,4,3,2
545,2,62,7550,3,0,3,3,2
546,2,92,17547,11,5,3,4,2
547,2,41,13747,6,3,7,5,2
548,2,74,22234,6,1,3,4,2
549,2,92,1431,8,4,3,1,0
550,1,95,7386,6,6,4,5,2
551,1,11,2323,4,3,5,5,1
552,2,34,25323,9,4,7,1,2
553,2,91,20252,7,3,5,3,2
554,2,49,10357,1,3,4,3,2
555,2,71,9830,12,3,7,5,2
556,1,39,9190,6,5,5,1,2
557,1,58,11267,7,4,3,5,2
558,2,5,6546,2,0,3,5,2
559,2,73,20137,4,0,4,3,2
560,1,88,25471,11,2,3,1,2
561,2,12,5298,0,3,7,1,1
562,1,97,9895,7,4,7,6,2
563,1,59,8121,12,3,3,6,2
564,1,78,22820,9,6,5,1,2
565,1,15,18024,7,4,5,7,2
566,1,4,21530,5,4,4,6,2
567,1,22,26385,4,6,4,4,2
568,1,52,9502,4,4,7,2,2
569,1,66,24728,8,3,7,3,2
570,1,71,15528,3,5,3,6,2
571,1,72,19041,12,4,4,5,2
572,1,5,12702,4,0,3,5,2
573,2,39,12137,1,6,5,4,2
574,2,79,1788,8,5,5,7,0
575,1,79,22569,1,0,7,5,2
576,1,41,14944,0,4,3,1,2
577,1,89,19808,6,2,3,2,2
578,1,22,12351,4,3,7,2,2
579,2,89,11677,1,2,5,6,2
580,2,89,4328,11,1,4,1,1
581,1,19,22674,9,2,7,5,2
582,2,62,13124,7,1,7,7,2
583,2,29,26048,10,5,7,4,2
584,1,9,23894,8,6,7,7,2
585,2,11,6384,2,4,7,7,2
586,1,99,14567,8,1,7,3,2
587,2,26,7494,0,2,5,5,2
588,1,82,23036,1,1,5,1,2
589,2,72,27040,7,4,3,5,2
590,2,1,6476,0,4,4,6,2
591,1,99,5066,10,6,5,7,1
592,2,46,8417,11,0,3,4,2
593,2,55,17858,0,4,5,5,2
594,2,10,2049,12,1,3,2,0
595,2,74,19465,5,4,4,2,2
596,2,24,9349,10,3,3,5,2
597,1,95,15746,5,0,7,1,2
598,2,43,26814,1,1,5,4,2
599,1,91,5298,0,5,5,1,1
600,2,13,23340,2,6,3,1,2
601,2,78,14173,5,1,4,2,2
602,1,55,359,2,4,4,3,0
603,1,5,11025,3,0,5,2,2
604,1,23,9136,2,6,7,6,2
605,1,42,972,11,6,7,5,0
606,2,49,2680,11,2,4,1,1
607,2,75,2444,0,5,3,5,1
608,1,56,2608,1,2,3,6,1
609,2,43,19264,0,3,4,6,2
610,1,24,17180,10,3,7,5,2
611,1,81,7776,3,0,3,2,2
612,1,21,764,3,4,3,6,0
613,1,94,22409,3,3,5,6,2
614,2,18,19486,10,6,5,4,2
615,2,63,2755,6,2,4,6,1
616,1,89,7689,4,4,3,4,2
617,2,29,1811,7,3,3,2,0
618,2,37,10335,10,4,5,7,2
619,1,49,23684,11,6,7,6,2
620,1,40,27019,2,2,3,1,2
621,1,95,11793,2,6,5,4,2
622,2,11,7658,10,1,3,7,2
623,2,56,6029,10,3,4,6,2
624,2,63,19010,9,3,4,6,2
625,1,14,14523,3,5,4,3,2
626,1,32,15632,9,3,5,2,2
627,2,65,5868,10,4,7,5,1
628,1,65,1152,9,4,5,1,0
629,2,36,26364,11,0,3,3,2
630,2,25,20140,2,0,5,2,2
631,2,76,3750,6,2,4,6,1
632,1,72,2912,4,6,3,3,1
633,1,50,9415,3,0,3,3,2
634,2,12,6590,5,4,5,6,2
635,1,24,12108,12,5,5,1,2
636,2,19,16039,2,6,3,5,2
637,1,67,3760,9,6,3,1,1
638,2,10,16417,5,0,3,7,2
639,2,7,12795,10,6,4,1,2
640,1,52,20522,2,2,4,6,2
641,2,92,2339,9,3,3,6,1
642,2,14,10502,12,4,7,4,2
643,2,72,18129,8,3,5,7,2
644,2,46,9049,9,1,7,6,2
645,2,99,5023,9,6,4,5,1
646,1,35,27262,9,1,3,7,2
647,1,81,9316,2,3,5,1,2
648,1,23,9456,8,0,3,4,2
649,1,61,17748,0,4,7,2,2
650,1,53,9123,3,6,5,7,2
651,1,12,16970,5,1,3,4,2
652,1,45,12723,0,2,5,6,2
653,1,7,18593,9,0,4,6,2
654,2,47,26271,0,1,5,7,2
655,2,39,22408,9,6,3,5,2
656,2,94,19155,8,5,7,3,2
657,2,19,24455,12,6,3,7,2
658,1,50,9937,4,2,4,1,2
659,1,65,3067,8,2,3,3,1
660,1,43,402,2,0,5,6,0
661,1,82,26689,3,1,7,5,2
662,2,78,2287,12,3,5,1,1
663,1,89,17911,4,0,5,2,2
664,2,56,773,8,3,7,7,0
665,2,72,2964,11,0,7,3,1
666,1,50,23369,4,1,4,1,2
667,1,34,5291,9,3,4,7,1
668,1,90,19276,11,0,5,7,2
669,2,11,7459,4,3,3,5,2
670,1,11,2415,6,5,4,3,1
671,1,36,1521,6,1,3,6,0
672,1,49,10419,10,4,5,6,2
673,2,76,13233,0,5,3,6,2
674,1,81,19625,12,1,4,4,2
675,1,95,9908,8,3,5,4,2
676,1,74,12833,3,3,3,2,2
677,1,48,22007,6,4,4,5,2
678,1,74,24002,4,3,4,3,2
679,2,11,3525,0,4,5,3,1
680,2,93,21742,11,0,3,2,2
681,1,34,20743,0,3,7,4,2
682,2,74,5368,2,6,4,2,1
683,2,76,5258,12,6,5,4,1
684,2,39,22057,1,3,5,4,2
685,1,10,8253,12,4,5,5,2
686,2,2,26320,12,4,7,1,2
687,1,75,12960,1,5,7,1,2
688,2,46,15731,7,0,4,7,2
689,1,51,3802,12,0,5,7,1
690,2,41,15764,12,6,3,1,2
691,1,91,20294,8,2,7,7,2
692,1,3,24181,9,0,7,2,2
693,2,16,20750,1,2,7,3,2
694,1,63,4069,9,5,7,1,1
695,2,64,8583,7,4,3,7,2
696,2,13,1355,10,0,5,5,0
697,2,38,22758,8,3,4,4,2
698,1,4,19632,9,6,3,3,2
699,2,3,9584,1,1,7,1,2
700,1,19,9864,7,3,4,7,2
701,2,81,12323,3,4,7,4,2
702,1,16,10615,12,2,3,3,2
703,1,71,15177,11,0,7,6,2
704,2,24,15893,5,6,4,5,2
705,1,11,2031,3,2,4,5,0
706,1,22,12451,4,4,5,5,2
707,2,60,12183,2,2,5,5,2
708,1,91,23905,9,2,3,5,2
709,1,2,11169,6,4,5,7,2
710,1,8,23270,5,1,5,7,2
711,1,72,2243,5,0,4,6,1
712,1,89,12337,7,4,4,3,2
713,2,38,8145,3,0,3,7,2
714,2,52,21963,3,2,7,2,2
715,1,97,22106,3,4,3,5,2
716,1,88,26210,10,4,4,1,2
717,1,63,21567,4,0,7,4,2
718,1,21,16184,2,1,5,4,2
719,2,4,17446,12,5,7,2,2
720,1,31,21243,1,4,5,3,2
721,2,75,13999,7,4,7,6,2
722,2,37,22440,1,3,3,6,2
723,1,7,11913,7,6,5,7,2
724,2,22,10199,0,6,4,6,2
725,1,42,18998,0,6,5,1,2
726,2,59,12203,12,2,5,6,2
727,1,95,1909,5,0,7,2,0
728,1,54,6567,1,6,3,5,2
729,2,73,26232,2,6,3,1,2
730,1,51,9866,11,3,4,1,2
731,1,82,13912,1,1,7,4,2
732,2,23,3060,9,6,4,7,1
733,1,83,19249,11,0,4,6,2
734,2,25,1998,6,3,5,6,0
735,2,57,23577,0,3,5,4,2
736,2,69,21904,9,4,3,3,2
737,2,89,11050,12,6,5,2,2
738,1,45,15862,5,0,7,7,2
739,2,88,11188,2,2,7,1,2
740,2,51,25620,9,3,4,6,2
741,1,59,9284,0,3,7,7,2
742,2,44,24706,9,3,3,2,2
743,2,26,17596,9,3,3,1,2
744,2,43,17417,6,0,5,1,2
745,1,32,15596,0,5,7,2,2
746,2,30,13442,8,0,7,1,2
747,1,14,4300,7,3,3,7,1
748,2,71,10620,3,1,4,3,2
749,2,96,5506,7,1,5,2,1
750,2,61,3491,1,0,7,6,1
751,2,1,3105,2,2,7,1,1
752,1,47,11634,11,0,4,7,2
753,1,43,25118,2,6,4,6,2
754,1,90,8808,1,6,4,1,2
755,2,15,14452,4,2,5,2,2
756,2,68,24081,5,0,4,1,2
757,1,74,3021,10,6,7,1,1
758,1,85,10906,8,3,7,6,2
759,2,39,11405,3,6,5,5,2
760,1,94,17425,2,6,4,3,2
761,1,86,20767,7,1,5,7,2
762,2,0,26373,7,2,5,1,2
763,1,81,3523,12,6,3,7,1
764,1,58,769,4,4,5,6,0
765,2,12,19244,1,3,5,7,2
766,1,91,23354,11,3,4,5,2
767,2,43,11541,1,3,5,2,2
768,1,54,20523,11,4,3,5,2
769,1,47,27029,4,5,5,4,2
770,2,22,777,10,2,5,2,0
771,2,31,7637,11,5,7,7,2
772,2,34,3239,5,1,3,2,1
773,2,98,2430,6,5,4,7,1
774,1,42,18522,9,4,3,2,2
775,1,68,14175,7,1,5,1,2
776,2,62,26549,12,3,7,3,2
777,2,36,12355,3,6,4,1,2
778,1,83,568,6,2,5,6,0
779,1,44,26328,0,3,3,3,2
780,2,81,20429,6,0,4,5,2
781,2,70,9252,2,6,4,1,2
782,2,6,1109,2,0,4,7,0
783,1,48,13391,3,6,5,1,2
784,2,9,9411,8,0,5,7,2
785,1,28,19902,3,3,4,3,2
786,2,77,13357,3,2,7,1,2
787,2,56,25782,5,2,4,3,2
788,1,9,759,10,4,5,1,0
789,2,85,10875,11,3,5,4,2
790,2,66,15501,8,4,5,1,2
791,2,9,1343,8,5,5,4,0
792,1,36,4483,10,0,4,2,1
793,1,28,16997,4,5,7,1,2
794,2,64,427,12,3,3,4,0
795,2,74,12465,4,4,4,3,2
796,2,13,25789,5,2,3,6,2
797,1,2,9340,6,3,5,1,2
798,2,37,20517,10,2,3,3,2
799,2,71,12853,2,4,3,1,2
800,1,87,12200,4,4,4,5,2
801,2,94,2556,12,3,7,7,1
802,1,81,3477,4,2,7,6,1
803,2,3,11913,9,4,4,7,2
804,2,98,22452,2,2,7,6,2
805,1,80,10112,9,4,4,6,2
806,1,82,22403,11,1,4,5,2
807,2,50,2163,8,1,7,1,0
808,2,61,764,12,0,5,2,0
809,1,82,26036,6,0,4,5,2
810,1,28,19805,3,2,7,5,2
811,1,35,27209,6,6,3,7,2
812,2,53,11443,11,4,3,5,2
813,2,26,7210,3,2,4,6,2
814,2,42,16214,12,2,7,7,2
815,2,46,677,9,6,7,6,0
816,2,69,14302,0,5,4,4,2
817,1,28,23017,9,2,3,1,2
818,2,43,9367,8,4,4,1,2
819,2,83,26275,2,5,4,7,2
820,2,62,3842,5,2,3,6,1
821,2,74,8967,5,1,3,6,2
822,2,74,12360,12,5,5,2,2
823,1,9,15872,4,5,5,7,2
824,1,91,1183,3,3,3,4,0
825,1,99,10767,3,4,3,2,2
826,1,75,16099,7,4,4,7,2
827,1,96,24651,0,6,3,5,2
828,2,38,4432,10,0,7,5,1
829,2,31,9207,10,5,4,5,2
830,1,22,12401,6,0,7,3,2
831,1,91,20031,2,2,3,2,2
832,1,57,10211,3,2,7,4,2
833,1,21,20458,7,1,3,7,2
834,1,97,15781,8,1,4,3,2
835,1,61,20470,6,2,4,4,2
836,1,41,27124,9,5,3,1,2
837,1,99,6031,7,3,4,6,2
838,2,41,5847,10,2,4,7,1
839,2,23,26711,4,5,5,5,2
840,2,52,25060,1,5,3,4,2
841,1,23,26691,9,1,4,6,2
842,1,72,4010,12,5,4,4,1
843,1,41,17207,8,6,7,6,2
844,1,60,26222,7,1,3,4,2
845,2,47,3322,5,2,5,5,1
846,2,15,26272,9,1,3,2,2
847,1,36,14191,8,3,7,3,2
848,2,65,7142,12,5,7,2,2
849,1,94,16277,3,1,7,6,2
850,1,42,25344,9,5,4,7,2
851,1,0,1571,7,4,5,7,0
852,1,83,12430,1,3,7,4,2
853,1,6,1369,11,0,7,3,0
854,2,93,27015,12,1,5,6,2
855,2,67,6178,3,6,7,3,2
856,2,31,6161,6,3,4,4,2
857,2,29,23019,11,5,7,6,2
858,1,16,3395,6,3,4,7,1
859,2,67,19172,3,4,3,7,2
860,2,26,13633,8,3,3,2,2
861,2,6,15345,6,1,3,6,2
862,2,11,16837,1,4,5,6,2
863,1,81,19243,10,5,4,6,2
864,1,55,7667,6,4,3,7,2
865,1,43,10067,1,0,5,6,2
866,1,67,2366,4,6,5,2,1
867,1,20,26421,6,3,4,6,2
868,2,91,20588,6,5,7,3,2
869,1,92,2002,12,1,3,4,0
870,2,14,7572,9,6,3,3,2
871,2,14,21341,3,3,7,4,2
872,1,80,6308,1,2,7,2,2
873,1,99,19372,9,1,7,2,2
874,1,63,19824,2,6,7,2,2
875,1,43,12717,0,3,3,4,2
876,1,27,1522,3,1,4,1,0
877,2,87,10798,5,5,5,4,2
878,2,20,23003,12,2,7,7,2
879,1,23,1062,8,3,3,7,0
880,2,34,16808,12,1,3,2,2
881,2,32,7350,2,6,3,2,2
882,1,65,6487,9,5,5,6,2
883,1,22,16306,9,6,7,3,2
884,1,21,7992,9,0,7,3,2
885,2,57,14371,4,5,7,6,2
886,2,68,21893,4,2,4,3,2
887,1,45,19961,7,2,5,6,2
888,1,39,8493,2,2,3,5,2
889,2,24,1228,4,1,4,3,0
890,2,86,6011,0,3,5,7,2
891,2,17,25431,9,1,7,5,2
892,1,52,7504,12,6,7,6,2
893,1,90,9210,2,4,3,7,2
894,2,8,23679,10,1,7,3,2
895,1,5,26950,4,5,3,4,2
896,2,97,17105,2,2,4,6,2
897,1,86,13386,6,0,5,3,2
898,2,82,622,2,6,5,3,0
899,1,10,20576,8,1,5,2,2
900,1,62,18668,7,2,4,6,2
901,1,29,15275,11,2,5,6,2
902,1,11,18261,9,2,3,6,2
903,2,30,5510,11,6,5,3,1
904,2,71,5396,6,5,3,5,1
905,2,58,19247,3,2,4,1,2
906,1,94,10725,7,2,4,4,2
907,1,42,15427,5,5,5,3,2
908,1,85,20124,7,5,5,6,2
909,1,71,20088,8,0,4,5,2
910,2,25,19473,10,3,4,4,2
911,2,54,23137,4,2,4,5,2
912,2,83,5675,6,1,4,6,1
913,2,25,23222,0,3,4,4,2
914,2,45,460,3,5,3,5,0
915,2,3,12976,10,2,4,5,2
916,1,84,8653,9,4,3,2,2
917,1,83,7577,1,2,3,1,2
918,2,37,15336,12,0,7,5,2
919,1,33,26037,9,1,5,1,2
920,2,60,6680,11,1,5,1,2
921,2,89,26215,3,6,5,2,2
922,1,7,9631,9,0,4,1,2
923,2,60,8451,3,3,7,2,2
924,1,37,10821,8,4,5,4,2
925,2,84,19976,0,3,7,6,2
926,2,98,19576,10,0,7,4,2
927,2,16,22311,1,2,4,5,2
928,2,45,21926,2,2,5,2,2
929,1,39,8230,5,0,3,5,2
930,2,33,24319,10,0,3,6,2
931,2,97,22092,0,3,7,7,2
932,1,65,17831,12,5,4,6,2
933,1,73,23417,2,1,3,4,2
934,2,87,14212,0,2,3,5,2
935,2,68,9288,6,3,5,3,2
936,1,24,22537,10,4,4,5,2
937,2,6,17318,8,1,7,2,2
938,1,97,17060,7,1,3,7,2
939,2,60,11539,2,3,5,7,2
940,1,88,25826,11,3,5,6,2
941,2,61,24759,5,0,5,3,2
942,1,59,2394,3,4,5,1,1
943,1,74,15239,2,4,5,4,2
944,1,29,24127,4,1,4,6,2
945,2,28,12316,4,6,5,5,2
946,1,24,14813,5,1,4,3,2
947,2,3,6159,10,2,5,5,2
948,1,82,6484,11,6,7,2,2
949,1,21,15732,9,4,4,2,2
950,2,6,2180,10,0,7,3,0
951,2,84,6872,12,5,3,3,2
952,2,21,16956,10,3,4,3,2
953,1,27,27164,3,3,5,4,2
954,1,26,1094,1,3,5,1,0
955,2,89,26392,11,0,4,3,2
956,2,64,26439,6,6,3,6,2
957,2,3,21624,12,6,5,7,2
958,2,53,2479,2,1,4,3,1
959,2,37,4964,9,4,4,1,1
960,2,7,23667,5,5,5,4,2
961,1,80,10873,5,0,5,5,2
962,2,75,9561,1,0,3,3,2
963,2,11,17690,8,0,5,7,2
964,2,2,12577,0,6,4,4,2
965,2,54,11258,6,1,7,4,2
966,1,5,9256,12,1,4,5,2
967,2,17,9607,3,4,4,3,2
968,2,78,26614,12,0,3,1,2
969,2,5,19736,3,1,5,6,2
970,1,78,21035,2,5,5,3,2
971,1,81,10364,2,4,3,4,2
972,2,30,22990,4,2,5,2,2
973,1,98,25020,0,3,7,3,2
974,2,3,16401,11,5,7,6,2
975,2,0,12867,5,0,4,2,2
976,2,93,13437,5,3,4,6,2
977,1,44,9728,12,5,4,4,2
978,2,44,2631,12,3,3,7,1
979,2,61,8436,9,1,7,1,2
980,2,0,4315,3,6,7,4,1
981,1,17,1956,0,6,4,1,0
982,1,29,23936,8,5,3,6,2
983,1,91,26471,2,3,4,6,2
984,2,34,3617,2,5,5,2,1
985,2,100,19101,10,0,7,3,2
986,1,59,21964,1,1,4,1,2
987,2,21,2627,11,6,3,1,1
988,1,63,786,10,3,4,5,0
989,1,94,21500,0,3,7,6,2
990,2,17,848,3,0,5,7,0
991,2,38,19023,7,1,5,1,2
992,2,79,6707,7,6,7,4,2
993,2,1,15783,4,2,4,6,2
994,2,15,5436,6,3,7,3,1
995,2,86,17589,11,0,3,3,2
996,2,17,10337,12,6,3,5,2
997,2,53,26659,3,2,4,4,2
998,1,22,8654,2,4,7,2,2
999,2,77,10215,12,0,3,6,2
1000,1,47,21375,3,5,5,5,2
1001,2,66,10887,10,1,4,7,2
1002,1,11,22093,10,3,3,6,2
1003,2,9,6687,6,4,4,5,2
1004,2,40,13545,3,2,5,1,2
1005,2,54,23594,10,3,5,1,2
1006,1,51,14725,11,4,5,1,2
1007,2,47,758,0,0,4,7,0
1008,1,4,19404,2,4,5,3,2
1009,1,10,8731,9,6,3,4,2
1010,2,6,14480,7,1,5,4,2
1011,2,44,8945,3,3,3,7,2
1012,2,72,2591,11,5,4,6,1
1013,1,8,15556,10,1,5,4,2
1014,2,72,20843,4,5,7,4,2
1015,1,18,11179,5,3,3,2,2
1016,1,2,21026,6,3,3,7,2
1017,1,69,23656,1,5,7,7,2
1018,2,93,7492,5,3,3,1,2
1019,1,100,5415,0,4,7,2,1
1020,2,29,6761,5,4,3,3,2
1021,2,27,1771,4,3,5,7,0
1022,2,17,15498,1,6,4,7,2
1023,2,58,24865,1,3,5,5,2
1024,2,11,18916,7,0,3,2,2
1025,1,49,2641,4,3,7,6,1
1026,2,72,13894,3,5,5,5,2
1027,2,88,1452,12,2,5,7,0
1028,2,3,26737,12,2,4,3,2
1029,1,11,17352,8,4,7,6,2
1030,1,57,26600,12,6,7,5,2
1031,2,50,460,5,4,7,5,0
1032,1,15,9387,5,6,3,2,2
1033,2,57,6836,1,2,5,6,2
1034,1,3,16120,6,1,7,1,2
1035,2,100,9577,10,1,5,2,2
1036,1,60,1677,10,6,7,7,0
1037,1,39,25953,0,2,4,6,2
1038,2,85,7774,7,3,7,2,2
1039,1,29,21857,4,0,7,5,2
1040,2,53,8201,12,2,4,4,2
1041,1,67,17381,7,4,5,6,2
1042,2,56,20975,8,5,7,3,2
1043,2,75,23959,0,1,7,5,2
1044,1,79,16048,2,0,4,1,2
1045,2,45,4617,3,5,3,5,1
1046,2,90,23843,6,3,3,4,2
1047,2,79,5607,11,6,4,4,1
1048,1,97,6230,8,5,5,4,2
1049,2,11,13442,11,3,4,4,2
1050,1,5,22461,5,3,7,7,2
1051,2,30,24921,6,5,7,1,2
1052,2,58,6720,12,4,5,6,2
1053,2,68,16837,7,1,4,3,2
1054,1,59,15783,4,1,5,3,2
1055,2,32,11279,12,3,4,5,2
1056,2,37,13604,1,1,7,7,2
1057,1,43,7382,12,0,7,5,2
1058,1,60,8714,9,3,5,3,2
1059,1,45,15997,8,4,4,6,2
1060,2,29,15030,9,6,7,7,2
1061,1,27,11490,0,6,7,7,2
1062,2,27,11309,10,6,4,3,2
1063,1,29,14811,8,2,5,5,2
1064,1,72,10506,8,4,5,6,2
1065,1,75,8892,2,0,5,7,2
1066,1,97,24183,5,6,3,5,2
1067,1,78,26392,9,6,5,7,2
1068,2,38,10433,12,5,5,1,2
1069,2,11,21095,7,4,7,5,2
1070,1,74,23509,6,6,4,4,2
1071,2,89,24485,7,5,5,5,2
1072,1,32,19782,3,6,3,3,2
1073,2,50,4909,10,3,7,6,1
1074,2,40,7962,1,2,5,2,2
1075,1,70,5781,10,6,5,7,1
1076,1,30,16338,4,2,3,5,2
1077,2,22,11526,12,5,3,3,2
1078,2,75,18580,1,3,7,2,2
1079,2,35,24918,10,4,3,6,2
1080,1,84,20800,4,4,5,1,2
1081,1,68,23315,9,4,4,5,2
1082,2,63,16699,10,6,3,5,2
1083,2,4,22275,12,5,5,2,2
1084,2,49,21181,1,4,7,7,2
1085,2,29,26870,6,5,4,4,2
1086,2,63,17074,7,0,7,7,2
1087,2,61,5139,5,4,5,4,1
1088,1,91,4844,2,2,4,2,1
1089,1,83,1877,6,1,7,6,0
1090,1,90,18435,3,3,5,7,2
1091,1,26,22001,10,2,7,3,2
1092,1,73,6963,2,6,3,2,2
1093,1,50,26439,5,3,5,3,2
1094,1,95,16639,5,0,4,1,2
1095,1,94,6544,12,3,5,3,2
1096,2,17,6523,6,1,4,2,2
1097,2,71,7663,8,5,3,2,2
1098,2,56,11351,1,3,7,3,2
1099,2,35,25212,10,1,4,4,2
1100,2,73,12182,7,5,7,5,2
1101,2,92,20975,3,2,5,6,2
1102,2,47,16008,4,2,5,1,2
1103,1,48,23763,5,1,4,3,2
1104,2,71,12023,7,5,3,6,2
1105,1,67,15730,0,1,5,2,2
1106,2,71,22065,6,3,7,7,2
1107,1,62,12948,5,3,5,4,2
1108,2,72,3070,12,1,5,4,1
1109,1,37,3014,10,3,3,4,1
1110,1,5,25082,7,1,7,5,2
1111,2,97,21042,1,1,4,2,2
1112,1,55,11295,1,6,5,5,2
1113,1,92,14662,9,4,5,4,2
1114,2,46,6515,12,3,5,5,2
1115,1,38,15617,4,1,3,6,2
1116,2,49,21277,4,2,5,6,2
1117,2,8,16691,8,4,5,6,2
1118,2,65,14772,5,1,4,6,2
1119,1,66,26304,7,0,4,1,2
1120,1,62,16848,11,2,7,2,2
1121,2,16,9860,11,3,4,7,2
1122,2,61,17277,0,0,7,7,2
1123,1,66,21482,2,0,4,4,2
1124,2,11,2939,7,0,7,1,1
1125,2,31,20497,1,1,7,3,2
1126,1,10,25334,10,2,5,1,2
1127,2,20,11032,12,5,3,1,2
1128,1,100,9321,11,5,7,5,2
1129,1,14,25506,10,6,3,5,2
1130,2,52,18710,8,0,5,2,2
1131,2,71,7300,6,3,7,1,2
1132,1,29,4434,0,3,7,2,1
1133,1,5,21264,6,4,3,2,2
1134,1,14,6884,5,1,5,2,2
1135,2,79,20096,9,3,3,4,2
1136,2,51,6581,4,3,3,5,2
1137,1,32,17687,2,4,4,6,2
1138,2,23,24131,11,0,4,5,2
1139,2,91,24521,5,5,4,1,2
1140,1,6,22011,1,3,5,4,2
1141,1,73,25107,11,4,5,5,2
1142,2,65,9307,3,5,4,4,2
1143,2,75,8812,5,3,5,5,2
1144,2,87,14701,0,0,5,6,2
1145,2,70,23830,6,2,4,3,2
1146,1,40,19574,1,5,4,7,2
1147,1,60,5218,10,0,4,1,1
1148,1,36,7748,5,3,3,7,2
1149,1,12,14807,10,0,4,6,2
1150,2,35,493,1,2,4,5,0
1151,2,62,10221,9,6,3,4,2
1152,1,69,4477,6,0,4,1,1
1153,2,62,5208,9,1,5,1,1
1154,2,58,3384,8,4,5,5,1
1155,1,76,20175,5,3,7,6,2
1156,2,18,11423,5,0,3,4,2
1157,2,0,7150,0,1,5,2,2
1158,2,1,22616,1,0,7,3,2
1159,1,84,3153,9,0,4,4,1
1160,2,77,20120,8,6,7,7,2
1161,1,90,26081,2,0,3,5,2
1162,1,21,22847,8,0,4,3,2
1163,2,78,13434,4,2,3,1,2
1164,1,13,2090,2,0,7,3,0
1165,1,67,20460,9,5,5,4,2
1166,2,17,8938,12,6,4,7,2
1167,2,5,9020,7,1,4,7,2
1168,2,26,16944,3,4,5,7,2
1169,2,63,16210,3,1,7,3,2
1170,2,27,1051,11,5,3,4,0
1171,1,41,11353,3,1,5,3,2
1172,1,13,10279,3,6,5,7,2
1173,1,45,15428,1,1,4,7,2
1174,2,48,4229,0,1,4,4,1
1175,1,56,2576,12,1,7,7,1
1176,1,58,26878,1,0,5,3,2
1177,2,17,23688,2,0,4,4,2
1178,1,86,18930,0,0,4,3,2
1179,2,95,18036,5,1,7,6,2
1180,2,89,5931,8,5,7,6,2
1181,2,92,1280,12,0,7,2,0
1182,2,77,18403,3,1,3,3,2
1183,1,7,21440,1,4,5,5,2
1184,1,26,15935,1,2,3,7,2
1185,1,17,8918,6,0,7,6,2
1186,1,68,10727,10,0,3,3,2
1187,1,43,13892,3,5,5,4,2
1188,2,47,23452,10,5,5,2,2
1189,1,94,2618,0,1,3,3,1
1190,2,92,22091,0,6,3,6,2
1191,1,72,1000,5,0,5,7,0
1192,1,58,4407,7,2,4,3,1
1193,1,27,13599,8,1,3,6,2
1194,1,6,14405,4,2,7,3,2
1195,1,7,3227,2,0,5,3,1
1196,2,53,1903,8,0,4,6,0
1197,2,26,13042,0,5,5,5,2
1198,1,75,3668,8,3,7,4,1
1199,1,37,8896,4,4,7,4,2
1200,2,93,20451,10,6,5,2,2
1201,2,49,6428,2,6,7,4,2
1202,1,20,2313,9,2,4,1,1
1203,1,93,15787,2,2,4,6,2
1204,1,56,13184,3,6,7,5,2
1205,1,61,6888,2,0,5,1,2
1206,2,55,19032,10,5,5,7,2
1207,2,92,16333,11,6,5,1,2
1208,2,23,6818,2,6,4,1,2
1209,2,57,6761,7,3,3,7,2
1210,2,9,13885,12,3,3,2,2
1211,2,0,827,4,3,7,7,0
1212,1,19,11428,2,6,4,5,2
1213,1,71,9174,5,6,7,7,2
1214,2,50,22801,6,0,7,2,2
1215,2,38,12062,2,1,4,6,2
1216,2,67,20163,5,2,4,3,2
1217,2,30,10450,6,0,7,7,2
1218,1,37,5941,7,5,3,3,2
1219,1,56,8450,10,1,3,2,2
1220,2,5,20850,11,5,5,5,2
1221,2,59,15229,5,1,3,2,2
1222,1,80,4913,3,3,7,1,1
1223,2,90,19217,8,6,4,4,2
1224,1,61,23741,9,3,7,3,2
1225,1,31,5913,9,1,7,3,1
1226,2,70,3396,2,2,7,7,1
1227,2,89,16923,8,2,4,3,2
1228,1,75,21496,11,0,5,7,2
1229,1,17,23913,10,5,3,4,2
1230,2,31,3996,8,0,5,3,1
1231,1,31,2906,3,4,3,4,1
1232,2,84,5941,7,4,5,4,2
1233,2,90,11956,3,6,4,7,2
1234,1,39,2900,7,6,4,2,1
1235,1,50,14169,0,2,5,1,2
1236,2,74,8389,5,1,7,1,2
1237,2,38,4933,7,5,3,2,1
1238,1,68,24636,1,5,7,4,2
1239,2,39,3356,11,3,4,2,1
1240,2,79,16815,11,1,4,3,2
1241,2,13,14318,5,3,7,3,2
1242,1,35,26814,8,1,4,7,2
1243,1,11,10649,8,1,4,4,2
1244,1,75,17949,12,0,3,2,2
1245,2,54,2959,5,0,7,2,1
1246,1,36,5387,9,6,5,4,1
1247,1,82,17812,0,6,7,2,2
1248,2,75,11736,12,2,5,4,2
1249,2,51,5126,5,5,5,1,1
1250,1,34,895,11,5,5,4,0
1251,1,58,6355,2,6,7,6,2
1252,1,80,15168,12,4,3,7,2
1253,1,28,22038,2,5,3,5,2
1254,2,9,17820,2,3,4,5,2
1255,1,8,4694,0,4,7,6,1
1256,1,17,2614,8,0,7,4,1
1257,2,92,23119,11,3,4,3,2
1258,2,25,10213,9,0,7,4,2
1259,1,94,13929,0,1,4,1,2
1260,1,59,2075,9,1,4,4,0
1261,1,94,15898,9,0,5,5,2
1262,1,59,26781,4,0,4,6,2
1263,1,58,14567,4,2,5,2,2
1264,2,18,9832,2,2,5,7,2
1265,2,12,2835,6,1,4,1,1
1266,1,1,5040,6,5,4,1,1
1267,2,27,14600,11,5,4,2,2
1268,1,10,9742,12,2,4,4,2
1269,2,67,1452,0,1,4,7,0
1270,1,61,23905,8,5,3,7,2
1271,1,16,11739,1,5,7,6,2
1272,2,27,25522,5,3,4,3,2
1273,1,6,596,2,6,3,4,0
1274,1,0,5035,7,1,5,5,1
1275,1,7,13447,1,2,3,5,2
1276,1,25,21891,11,4,3,1,2
1277,1,67,5850,8,6,7,1,1
1278,1,59,16159,4,2,4,5,2
1279,2,36,22414,11,6,3,7,2
1280,2,44,19569,5,0,3,3,2
1281,1,85,10887,1,3,4,3,2
1282,1,72,22179,12,1,5,6,2
1283,2,38,23600,10,4,5,7,2
1284,2,42,14279,10,4,7,1,2
1285,2,97,2155,5,2,7,3,0
1286,2,36,21019,7,3,4,5,2
1287,1,68,6480,7,0,7,2,2
1288,1,91,2068,0,6,7,5,0
1289,2,13,7072,7,3,3,5,2
1290,2,13,12745,7,4,3,3,2
1291,2,41,18552,10,6,4,5,2
1292,2,72,9622,5,6,7,3,2
1293,1,6,12257,0,3,5,3,2
1294,2,94,8254,3,1,4,4,2
1295,2,12,1776,8,5,3,5,0
1296,2,98,18390,7,6,4,3,2
1297,1,3,3253,10,2,3,3,1
1298,1,16,23066,8,6,3,5,2
1299,1,5,11622,12,5,4,5,2
1300,2,40,5960,7,4,7,5,2
1301,1,55,2462,11,5,4,6,1
1302,1,29,12532,2,3,5,5,2
1303,2,53,11811,11,2,7,4,2
1304,1,22,3404,12,2,3,7,1
1305,2,23,10124,11,6,5,3,2
1306,1,36,16764,4,0,7,5,2
1307,1,59,24234,2,6,3,6,2
1308,2,34,24069,11,0,5,3,2
1309,2,70,7560,11,2,4,3,2
1310,1,6,3583,2,1,4,4,1
1311,1,88,5127,4,4,7,1,1
1312,2,76,14075,0,3,4,6,2
1313,1,17,6350,6,2,7,3,2
1314,2,95,14131,12,0,4,4,2
1315,2,48,20988,10,5,7,2,2
1316,2,37,3308,9,0,7,6,1
1317,1,0,9111,11,4,5,1,2
1318,1,74,22872,2,2,4,1,2
1319,1,4,5036,8,4,5,2,1
1320,1,95,11034,4,0,4,6,2
1321,1,60,15264,2,0,4,5,2
1322,2,10,10914,6,0,4,6,2
1323,1,29,15478,9,3,5,4,2
1324,2,97,3760,3,2,3,6,1
1325,2,13,4057,10,0,5,6,1
1326,1,19,8430,12,1,5,1,2
1327,2,41,26240,11,3,4,6,2
1328,1,76,6290,1,3,7,1,2
1329,2,44,23723,0,1,4,1,2
1330,2,51,5298,7,4,4,5,1
1331,2,16,13890,10,4,7,3,2
1332,1,37,2241,3,0,4,6,1
1333,1,14,7648,4,5,3,7,2
1334,1,36,5515,6,1,5,2,1
1335,1,4,835,7,2,5,1,0
1336,2,47,3270,10,4,5,1,1
1337,1,0,7013,6,4,3,3,2
1338,1,49,17049,9,0,5,7,2
1339,2,37,5016,9,1,7,1,1
1340,2,75,9983,11,6,5,2,2
1341,1,44,12923,11,2,4,6,2
1342,2,69,7137,0,4,4,5,2
1343,1,16,5878,3,1,5,2,1
1344,2,16,21809,4,6,3,4,2
1345,1,10,16935,10,0,7,1,2
1346,2,5,20500,0,6,4,1,2
1347,1,23,3854,9,0,3,1,1
1348,2,47,10285,4,0,7,3,2
1349,1,67,18661,3,4,7,2,2
1350,1,38,21396,0,5,5,6,2
1351,1,18,6425,0,3,5,7,2
1352,1,94,865,9,5,4,6,0
1353,1,80,7619,12,5,7,4,2
1354,1,31,7661,8,4,3,6,2
1355,2,42,11262,4,1,7,7,2
1356,1,47,12995,1,1,3,7,2
1357,2,21,25775,11,6,3,6,2
1358,1,97,21710,2,5,3,6,2
1359,2,55,24541,1,0,3,3,2
1360,1,74,8171,4,0,3,5,2
1361,2,31,25329,10,3,5,1,2
1362,1,83,27038,12,6,7,4,2
1363,2,66,5874,7,3,3,2,1
1364,1,19,4043,4,6,3,5,1
1365,2,31,26315,9,1,4,2,2
1366,2,19,3925,4,4,5,6,1
1367,2,39,17595,12,2,7,5,2
1368,1,39,5994,3,3,7,1,2
1369,2,61,17900,5,4,3,2,2
1370,1,97,2095,8,6,5,4,0
1371,1,44,19465,7,2,3,5,2
1372,1,54,4522,10,2,5,4,1
1373,1,94,14087,6,6,5,7,2
1374,2,62,26311,0,2,7,7,2
1375,1,76,11329,7,0,3,6,2
1376,2,16,9463,5,4,5,2,2
1377,1,80,6206,3,1,4,5,2
1378,2,6,12925,2,3,7,1,2
1379,1,68,10084,11,0,7,1,2
1380,1,45,2782,7,4,5,7,1
1381,2,84,2814,10,6,7,1,1
1382,1,30,7271,9,3,4,5,2
1383,1,76,14845,8,0,4,1,2
1384,1,53,25954,3,2,3,7,2
1385,1,33,21321,5,3,7,6,2
1386,1,90,5614,4,5,5,7,1
1387,1,18,17778,6,3,3,7,2
1388,1,6,26690,6,1,3,4,2
1389,1,2,22377,2,4,3,6,2
1390,2,26,6541,4,1,5,3,2
1391,1,25,15763,10,5,3,2,2
1392,2,13,16697,10,1,4,5,2
1393,1,63,518,5,3,7,3,0
1394,2,91,14780,1,3,7,1,2
1395,2,62,15995,5,3,4,2,2
1396,2,57,24899,1,4,3,3,2
1397,1,37,23846,7,6,4,4,2
1398,1,45,3081,3,0,4,3,1
1399,2,21,12276,5,0,7,7,2
1400,1,69,12021,9,6,4,4,2
1401,1,49,2200,12,5,4,4,0
1402,2,25,18901,8,1,5,1,2
1403,1,12,814,0,6,4,4,0
1404,2,52,25073,2,4,7,2,2
1405,2,70,6285,4,3,7,6,2
1406,1,47,24906,8,5,3,3,2
1407,2,73,5428,12,3,7,4,1
1408,1,10,22764,2,4,4,1,2
1409,1,72,17485,0,0,7,7,2
1410,1,90,8852,11,3,3,7,2
1411,1,16,3019,11,4,7,4,1
1412,2,95,5931,11,1,4,6,2
1413,1,94,8702,10,4,4,5,2
1414,1,38,24588,4,1,5,4,2
1415,1,48,2922,0,1,5,2,1
1416,2,60,18234,8,1,3,5,2
1417,2,6,5576,10,3,3,1,1
1418,1,70,21129,3,3,7,6,2
1419,1,1,14022,10,3,7,4,2
1420,1,63,5219,2,5,3,2,1
1421,1,65,5022,12,5,3,4,1
1422,1,21,24620,11,2,3,7,2
1423,2,46,19005,4,2,3,4,2
1424,1,0,17631,5,6,4,4,2
1425,2,86,14257,3,5,7,4,2
1426,2,36,17663,2,3,5,1,2
1427,1,26,4268,5,5,3,7,1
1428,2,20,25834,7,5,4,5,2
1429,1,84,17124,5,5,5,7,2
1430,2,34,20626,0,6,3,7,2
1431,2,61,10167,5,1,3,4,2
1432,1,30,4313,2,3,7,4,1
1433,2,27,19992,8,3,3,1,2
1434,1,100,24163,12,2,5,3,2
1435,1,73,16814,4,6,7,1,2
1436,1,72,19066,7,4,7,1,2
1437,1,52,4857,9,1,5,3,1
1438,1,84,10997,3,6,4,6,2
1439,1,23,1977,2,3,4,2,0
1440,2,62,8731,4,5,3,3,2
1441,2,48,1619,6,6,3,4,0
1442,1,59,16922,9,0,4,6,2
1443,2,43,13354,8,4,4,5,2
1444,2,42,3514,2,6,4,1,1
1445,1,13,9077,1,4,5,3,2
1446,2,9,22227,9,2,3,2,2
1447,1,27,12214,4,6,4,1,2
1448,1,90,23260,5,2,4,3,2
1449,2,34,21987,3,4,3,4,2
1450,1,70,16788,6,6,5,4,2
1451,1,41,24589,4,0,5,7,2
1452,1,37,6732,0,4,4,2,2
1453,1,6,13324,1,4,7,2,2
1454,2,58,1730,7,0,4,2,0
1455,1,85,12725,8,6,4,7,2
1456,2,3,3326,4,3,3,3,1
1457,1,75,19560,3,6,5,3,2
1458,2,11,3319,12,3,3,6,1
1459,2,29,7867,9,4,5,1,2
1460,1,78,24856,11,2,7,3,2
1461,2,83,10436,0,6,3,2,2
1462,1,26,19626,5,0,7,4,2
1463,1,80,12874,5,4,3,4,2
1464,2,35,22013,10,3,5,6,2
1465,2,52,1800,8,6,7,5,0
1466,2,17,7410,2,6,7,5,2
1467,2,80,5818,2,6,4,2,1
1468,1,10,8889,3,1,5,4,2
1469,2,60,2876,2,2,3,2,1
1470,1,73,19825,6,3,3,2,2
1471,2,99,4607,7,4,7,7,1
1472,2,25,26617,12,4,3,1,2
1473,1,26,8827,9,6,4,1,2
1474,2,51,6407,12,5,3,5,2
1475,1,79,14171,5,5,4,2,2
1476,2,27,10904,8,1,5,7,2
1477,2,4,24753,11,4,5,4,2
1478,1,85,7285,0,6,5,4,2
1479,1,53,14776,3,1,7,7,2
1480,1,23,12631,12,6,7,2,2
1481,1,22,26390,7,4,5,4,2
1482,1,92,22711,5,5,3,3,2
1483,1,43,10826,11,2,3,2,2
1484,1,6,2685,5,3,4,4,1
1485,2,13,15865,12,3,3,3,2
1486,1,77,23093,4,6,3,6,2
1487,2,17,14332,10,1,3,7,2
1488,2,40,5108,11,0,4,5,1
1489,1,94,13726,1,3,5,6,2
1490,2,68,2576,11,1,7,1,1
1491,2,18,5280,4,0,5,7,1
1492,1,2,22079,5,4,5,5,2
1493,2,27,26545,9,6,3,3,2
1494,1,8,26700,8,2,7,5,2
1495,2,79,24653,3,1,4,3,2
1496,2,51,3618,11,6,3,4,1
1497,1,87,2170,3,3,3,4,0
1498,2,47,12887,9,5,4,2,2
1499,2,63,20717,3,4,4,3,2
1500,1,30,25240,3,3,5,6,2
1501,1,13,21472,7,2,5,5,2
1502,2,92,8404,12,6,3,2,2
1503,2,46,22950,10,1,4,2,2
1504,1,14,1978,6,0,5,3,0
1505,2,46,5408,6,0,3,6,1
1506,1,45,20284,7,0,4,5,2
1507,1,97,12259,7,6,3,6,2
1508,2,4,18253,0,1,4,3,2
1509,1,10,12708,12,6,3,5,2
1510,1,63,5518,11,0,5,5,1
1511,2,18,18953,5,4,4,6,2
1512,1,100,12339,9,5,7,1,2
1513,2,72,19651,7,2,4,4,2
1514,2,58,18809,3,1,7,5,2
1515,2,73,21782,11,3,7,1,2
1516,1,13,17345,12,5,3,2,2
1517,2,12,417,4,4,3,6,0
1518,2,29,24125,2,0,3,4,2
1519,2,78,20284,4,1,4,2,2
1520,2,77,6779,4,6,3,1,2
1521,1,9,15931,8,2,4,7,2
1522,1,46,1598,9,2,5,2,0
1523,2,60,3179,7,6,3,6,1
1524,1,76,13294,12,5,7,5,2
1525,1,29,16226,4,6,3,7,2
1526,1,75,11202,9,5,3,3,2
1527,2,24,25155,7,5,5,7,2
1528,1,59,23292,5,3,4,7,2
1529,1,72,20384,4,0,7,7,2
1530,1,15,8468,2,3,3,4,2
1531,1,54,8912,9,3,4,1,2
1532,1,32,26586,9,6,5,1,2
1533,2,80,15666,4,1,5,4,2
1534,1,11,17805,2,1,5,4,2
1535,1,15,19264,2,3,4,7,2
1536,2,25,26131,2,3,4,5,2
1537,2,21,6031,2,1,5,1,2
1538,2,22,20800,9,3,7,5,2
1539,2,81,25512,11,5,7,7,2
1540,1,92,10779,10,4,4,2,2
1541,1,91,7271,10,0,5,7,2
1542,1,72,5543,4,2,7,5,1
1543,1,91,15429,3,5,4,6,2
1544,1,92,6220,12,1,7,2,2
1545,2,99,19632,1,3,7,3,2
1546,1,30,10892,6,4,4,7,2
1547,2,41,1829,8,3,7,1,0
1548,2,9,21157,7,2,4,7,2
1549,2,52,2383,5,2,7,4,1
1550,1,43,3719,3,5,3,4,1
1551,1,81,5639,11,2,7,7,1
1552,2,50,5911,8,2,4,6,1
1553,2,16,5710,10,2,5,2,1
1554,2,64,25262,6,2,3,6,2
1555,2,26,6451,11,3,5,1,2
1556,2,7,16393,11,2,3,1,2
1557,2,54,8139,1,5,5,4,2
1558,1,82,13977,8,4,4,3,2
1559,2,58,12970,2,6,4,7,2
1560,2,75,6026,4,6,7,2,2
1561,2,57,1283,7,4,7,6,0
1562,2,58,22082,5,0,5,6,2
1563,2,76,9971,2,3,4,1,2
1564,1,13,19351,9,2,7,2,2
1565,2,72,26173,1,0,5,7,2
1566,1,18,12261,11,6,4,1,2
1567,2,17,4570,2,0,4,3,1
1568,2,42,10184,1,5,5,4,2
1569,1,44,27191,7,6,3,7,2
1570,2,98,21238,10,5,7,3,2
1571,1,75,5089,2,2,5,5,1
1572,1,87,20425,8,0,3,5,2
